insert into люди (имя, фамилия) values ('кондратий', 'щуров');
insert into люди (имя, фамилия) values ('родион', 'заседателев');
insert into люди (имя, фамилия) values ('демьян', 'капишников');
insert into люди (имя, фамилия) values ('тарас', 'жарыхин');
insert into люди (имя, фамилия) values ('адриан', 'кадцын');
insert into люди (имя, фамилия) values ('евлампий', 'веселовский');
insert into люди (имя, фамилия) values ('лаврентий', 'калягин');
insert into люди (имя, фамилия) values ('иларион', 'лель');
insert into люди (имя, фамилия) values ('robert', 'lee');
insert into люди (имя, фамилия) values ('richard', 'miles');
insert into люди (имя, фамилия) values ('gerald', 'shields');
insert into люди (имя, фамилия) values ('michael', 'hodge');
insert into люди (имя, фамилия) values ('ethan', 'butler');
insert into люди (имя, фамилия) values ('peter', 'scott');
insert into люди (имя, фамилия) values ('kurt', 'dieter');
insert into люди (имя, фамилия) values ('albert', 'diefenbach');
insert into люди (имя, фамилия) values ('thomas', 'rothbauer');
insert into люди (имя, фамилия) values ('karlheinz', 'peters');
insert into люди (имя, фамилия) values ('fabian', 'maus');
insert into люди (имя, фамилия) values ('robert', 'bader');

insert into страны (страна, угроза) values ('сша', '10');
insert into страны (страна, угроза) values ('германия', '8');
insert into страны (страна, угроза) values ('кндр', '2');
insert into страны (страна, угроза) values ('россия', '0');
insert into страны (страна, угроза) values ('ирак', '4');
insert into страны (страна, угроза) values ('израиль', '5');

insert into типы_установленных_устройств values ('прослушка', 'слушает');
insert into типы_установленных_устройств values ('просмотрка', 'смотрит');
insert into типы_установленных_устройств values ('прозрелка', 'смотрит в рентгене');
insert into типы_установленных_устройств values ('пробовалка', 'пробует');

insert into типы_организаций values ('государственная', 'работает на государство');
insert into типы_организаций values ('комерческая', 'работает на себя');

insert into организация (страна, род_деятельности, название, тип_организации) values ('сша', 'интересы страны', 'цру', 'государственная');
insert into организация (страна, род_деятельности, название, тип_организации) values ('сша', 'интересы компании', 'макинтош', 'комерческая');
insert into организация (страна, род_деятельности, название, тип_организации) values ('германия', 'интересы страны', 'бундесвер', 'государственная');
insert into организация (страна, род_деятельности, название, тип_организации) values ('россия', 'интересы страны', 'фсб', 'государственная');
insert into организация (страна, род_деятельности, название, тип_организации) values ('израиль', 'интересы страны', 'моссад', 'государственная');
insert into организация (страна, род_деятельности, название, тип_организации) values ('ирак', 'интересы компании', 'атомик', 'комерческая');
insert into организация (страна, род_деятельности, название, тип_организации) values ('германия', 'интересы компании', 'бмв', 'комерческая');
insert into организация (страна, род_деятельности, название, тип_организации) values ('россия', 'интересы компании', 'алмаз', 'комерческая');
insert into организация (страна, род_деятельности, название, тип_организации) values ('россия', 'интересы компании', 'газпром', 'комерческая');
insert into организация (страна, род_деятельности, название, тип_организации) values ('россия', 'интересы компании', 'секретоборонснабпродстырстыдпром', 'комерческая');

insert into человек_установщик values (10, 'дипломат', 'сша', 1);
insert into человек_установщик values (14, 'менеджер', 'сша', 2);
insert into человек_установщик values (11, 'охранник', 'сша', 1);
insert into человек_установщик values (1, 'уборщик', 'россия', 4);
insert into человек_установщик values (16, 'менеджер', 'германия', 3);
insert into человек_установщик values (5, 'директор', 'россия', 4);
insert into человек_установщик values (17, 'адвокат', 'германия', 7);
insert into человек_установщик values (18, 'банкир', 'германия', 3);
insert into человек_установщик values (3, 'монтажник', 'россия', 4);

insert into место_установки ("x", "y", "z") values (0, 0, 0);
insert into место_установки ("x", "y", "z") values (1, 0, 0);
insert into место_установки ("x", "y", "z") values (0, 2, 0);
insert into место_установки ("x", "y", "z") values (10, 2, 0);
insert into место_установки ("x", "y", "z") values (20, 2, 0);
insert into место_установки ("x", "y", "z") values (30, 2, 0);
insert into место_установки ("x", "y", "z") values (40, 2, 0);
insert into место_установки ("x", "y", "z") values (50, 2, 0);
insert into место_установки ("x", "y", "z") values (60, 2, 0);
insert into место_установки ("x", "y", "z") values (70, 2, 0);
insert into место_установки ("x", "y", "z") values (80, 2, 0);

insert into устройства_передатчики (модель, человек_установщик, место_установки, тип, частота) values ('листнер', 10, 2, 'прослушка', 2);
insert into устройства_передатчики (модель, человек_установщик, место_установки, тип, частота) values ('вотчер', 11, 1, 'просмотрка', 5);
insert into устройства_передатчики (модель, человек_установщик, место_установки, тип, частота) values ('хорен', 16, 3, 'прослушка', 13);
insert into устройства_передатчики (модель, человек_установщик, место_установки, тип, частота) values ('рентгеник', 1, 4, 'прозрелка', 6);
insert into устройства_передатчики (модель, человек_установщик, место_установки, тип, частота) values ('вкушалка', 5, 6, 'пробовалка', 7);
insert into устройства_передатчики (модель, человек_установщик, место_установки, тип, частота) values ('зеен', 17, 5, 'просмотрка', 3);
insert into устройства_передатчики (модель, человек_установщик, место_установки, тип, частота) values ('слышалка', 3, 7, 'прослушка', 1);
insert into устройства_передатчики (модель, человек_установщик, место_установки, тип, частота) values ('листнер', 14, 8, 'прослушка', 8);
insert into устройства_передатчики (модель, человек_установщик, место_установки, тип, частота) values ('вотчер', 10, 9, 'просмотрка', 9);
insert into устройства_передатчики (модель, человек_установщик, место_установки, тип, частота) values ('хорен', 18, 10, 'прослушка', 8);
insert into устройства_передатчики (модель, человек_установщик, место_установки, тип, частота) values ('подглядывалка', 1, 11, 'просмотрка', 9);

insert into наблюдаемый values (2, 'инженер', 8);
insert into наблюдаемый values (4, 'проектировщик', 10);
insert into наблюдаемый values (6, 'уборщик', 9);
insert into наблюдаемый values (7, 'печатник', 9);
insert into наблюдаемый values (8, 'тракторист', 9);
insert into наблюдаемый values (9, 'архитектор', 1);
insert into наблюдаемый values (12, 'плотник', 1);
insert into наблюдаемый values (13, 'врач', 1);
insert into наблюдаемый values (15, 'биоинженер', 3);
insert into наблюдаемый values (19, 'технолог', 3);
insert into наблюдаемый values (20, 'блогер', 3);

insert into устройства_наблюдаемый values (1, 2);
insert into устройства_наблюдаемый values (3, 4);
insert into устройства_наблюдаемый values (2, 6);
insert into устройства_наблюдаемый values (6, 7);
insert into устройства_наблюдаемый values (9, 8);
insert into устройства_наблюдаемый values (4, 9);
insert into устройства_наблюдаемый values (5, 12);
insert into устройства_наблюдаемый values (10, 13);
insert into устройства_наблюдаемый values (8, 15);
insert into устройства_наблюдаемый values (7, 19);
insert into устройства_наблюдаемый values (11, 20);

insert into место_расположения ("организация", "x", "y", "z") values (1, 100, 100, 100);
insert into место_расположения ("организация", "x", "y", "z") values (2, 150, 300, 210);
insert into место_расположения ("организация", "x", "y", "z") values (3, 100, 1000, 50);
insert into место_расположения ("организация", "x", "y", "z") values (4, 110, 1000, 50);
insert into место_расположения ("организация", "x", "y", "z") values (5, 120, 1000, 50);
insert into место_расположения ("организация", "x", "y", "z") values (6, 130, 1000, 50);
insert into место_расположения ("организация", "x", "y", "z") values (7, 200, 1000, 50);
insert into место_расположения ("организация", "x", "y", "z") values (8, 220, 1000, 50);
insert into место_расположения ("организация", "x", "y", "z") values (9, 250, 1000, 50);
insert into место_расположения ("организация", "x", "y", "z") values (10, 260, 1000, 50);

insert into устройства_приемники (устройство_передатчик, место_расположения, страна) values (1, 1, 'сша');
insert into устройства_приемники (устройство_передатчик, место_расположения, страна) values (2, 1, 'сша');
insert into устройства_приемники (устройство_передатчик, место_расположения, страна) values (3, 3, 'германия');
insert into устройства_приемники (устройство_передатчик, место_расположения, страна) values (4, 4, 'россия');
insert into устройства_приемники (устройство_передатчик, место_расположения, страна) values (5, 4, 'россия');
insert into устройства_приемники (устройство_передатчик, место_расположения, страна) values (6, 7, 'германия');
insert into устройства_приемники (устройство_передатчик, место_расположения, страна) values (7, 4, 'россия');
insert into устройства_приемники (устройство_передатчик, место_расположения, страна) values (8, 2, 'сша');
insert into устройства_приемники (устройство_передатчик, место_расположения, страна) values (9, 1, 'сша');
insert into устройства_приемники (устройство_передатчик, место_расположения, страна) values (10, 3, 'германия');
insert into устройства_приемники (устройство_передатчик, место_расположения, страна) values (11, 4, 'россия');
